http://cursillos.ca/index.htm	https://cursillos.ca/index.htm
http://members.tripod.com/~Cursillo/index.htm	https://members.tripod.com/~Cursillo/index.htm
http://n.webring.com/hub?ring=cursillo	https://n.webring.com/hub?ring=cursillo
http://pagead2.googlesyndication.com/pagead/show_ads.js	https://pagead2.googlesyndication.com/pagead/show_ads.js
http://ss.webring.com/navbar?f=j;y=geoffriley2000;u=100454821510001445	https://ss.webring.com/navbar?f=j;y=geoffriley2000;u=100454821510001445
http://ss.webring.com/navbar?f=l;y=geoffriley2000;u=100454821510001445	https://ss.webring.com/navbar?f=l;y=geoffriley2000;u=100454821510001445
http://vignette3.wikia.nocookie.net/crusaders-of-the-lost-idols/images/5/50/Wiki-background/revision/latest?cb=20150815172526	https://vignette3.wikia.nocookie.net/crusaders-of-the-lost-idols/images/5/50/Wiki-background/revision/latest?cb=20150815172526
http://www.biblegateway.com/	https://www.biblegateway.com/
http://www.chestercathedral.com/	https://www.chestercathedral.com/
http://www.chiangmaikitchen.co.uk/	https://www.chiangmaikitchen.co.uk/
http://www.chichestercursillo.co.uk/	https://www.chichestercursillo.co.uk/
http://www.cin.co.uk/	https://www.cin.co.uk/
http://www.citizensadvice.org.uk/	https://www.citizensadvice.org.uk/
http://www.cursillo.org/indy/	https://www.cursillo.org/indy/
http://www.curtisbrae.co.uk/	https://www.curtisbrae.co.uk/
http://www.daz3d.com/index.php?refid=955694736	https://www.daz3d.com/index.php?refid=955694736
http://www.daz3d.com/index.php?refid=955694736&b=10	https://www.daz3d.com/index.php?refid=955694736&b=10
http://www.daz3d.com/index.php?refid=955694736&b=12	https://www.daz3d.com/index.php?refid=955694736&b=12
http://www.daz3d.com/program/studio/1_0index.php?refid=955694736	https://www.daz3d.com/program/studio/1_0index.php?refid=955694736
http://www.elcometer.com/	https://www.elcometer.com/
http://www.episcopal-dso.org/	https://www.episcopal-dso.org/
http://www.flemings-mayfair.co.uk/home.htm	https://www.flemings-mayfair.co.uk/home.htm
http://www.google-analytics.com/urchin.js	https://www.google-analytics.com/urchin.js
http://www.google.com/	https://www.google.com/
http://www.google.com/logos/Logo_25wht.gif	https://www.google.com/logos/Logo_25wht.gif
http://www.google.co.uk/custom	https://www.google.co.uk/custom
http://www.ibs.com/	https://www.ibs.com/
http://www.ichotelsgroup.com/h/d/cp/1/en/hd/chets	https://www.ichotelsgroup.com/h/d/cp/1/en/hd/chets
http://www.jobs.co.uk/	https://www.jobs.co.uk/
http://www.merrythought.co.uk/	https://www.merrythought.co.uk/
http://www.mnemmaus.org/	https://www.mnemmaus.org/
http://www.onlinesand.co.uk/	https://www.onlinesand.co.uk/
http://www.onlinesoil.co.uk/	https://www.onlinesoil.co.uk/
http://www.onlineturf.co.uk/	https://www.onlineturf.co.uk/
http://www.open.ac.uk/	https://www.open.ac.uk/
http://www.outdooridiots.com/	https://www.outdooridiots.com/
http://www.playareabark.co.uk/	https://www.playareabark.co.uk/
http://www.povray.org/	https://www.povray.org/
http://www.rutterfalls.com/	https://www.rutterfalls.com/
http://www.saviohouse.org.uk/	https://www.saviohouse.org.uk/
http://www.sendit.com/	https://www.sendit.com/
http://www.sitemaps.org/schemas/sitemap/0.9	https://www.sitemaps.org/schemas/sitemap/0.9
http://www.sitemaps.org/schemas/sitemap/0.9/sitemap.xsd	https://www.sitemaps.org/schemas/sitemap/0.9/sitemap.xsd
http://www.stmaryslymm.org/	https://www.stmaryslymm.org/
http://www.swallow-hotels.com/hotels/buckatree-hall	https://www.swallow-hotels.com/hotels/buckatree-hall
http://www.telehouse.net/uk.asp	https://www.telehouse.net/uk.asp
http://www.upperroom.org	https://www.upperroom.org
http://www.upperroom.org/	https://www.upperroom.org/
http://www.vam.ac.uk/	https://www.vam.ac.uk/
http://www.w3.org/2001/XMLSchema-instance	https://www.w3.org/2001/XMLSchema-instance
http://www.webring.org/cgi-bin/webring?ring=Cursillo;id=10;list	https://www.webring.org/cgi-bin/webring?ring=Cursillo;id=10;list
http://www.webring.org/cgi-bin/webring?ring=Cursillo;id=10;next	https://www.webring.org/cgi-bin/webring?ring=Cursillo;id=10;next
http://www.webring.org/cgi-bin/webring?ring=Cursillo;id=10;next5	https://www.webring.org/cgi-bin/webring?ring=Cursillo;id=10;next5
http://www.webring.org/cgi-bin/webring?ring=Cursillo;id=10;prev	https://www.webring.org/cgi-bin/webring?ring=Cursillo;id=10;prev
http://www.webring.org/cgi-bin/webring?ring=Cursillo;id=10;prev5	https://www.webring.org/cgi-bin/webring?ring=Cursillo;id=10;prev5
http://www.webring.org/cgi-bin/webring?ring=Cursillo;id=10;random	https://www.webring.org/cgi-bin/webring?ring=Cursillo;id=10;random
http://www.webring.org/cgi-bin/webring?ring=Cursillo;id=10;skip	https://www.webring.org/cgi-bin/webring?ring=Cursillo;id=10;skip
http://www.webring.org/cgi-bin/webring?ring=Cursillo;id=10;sprev	https://www.webring.org/cgi-bin/webring?ring=Cursillo;id=10;sprev
http://www.webring.org/cgi-bin/webring?ring=riscosring	https://www.webring.org/cgi-bin/webring?ring=riscosring
http://www.webring.org/cgi-bin/webring?ring=riscosring;id=28;next	https://www.webring.org/cgi-bin/webring?ring=riscosring;id=28;next
http://www.webring.org/cgi-bin/webring?ring=riscosring;id=28;prev	https://www.webring.org/cgi-bin/webring?ring=riscosring;id=28;prev
http://www.webring.org/cgi-bin/webring?ring=riscosring;list	https://www.webring.org/cgi-bin/webring?ring=riscosring;list
http://www.webring.org/cgi-bin/webring?ring=riscosring;random	https://www.webring.org/cgi-bin/webring?ring=riscosring;random
