https://arcturus.geoffandcarole.co.uk/	http://www.onlinegravel.co.uk/	200	Redirect
https://arcturus.geoffandcarole.co.uk/	http://www.onlineaggregates.co.uk/	200	Redirect
https://arcturus.geoffandcarole.co.uk/	http://www.daz3d.com/index.php?refid=955694736	200	Redirect
https://arcturus.geoffandcarole.co.uk/	http://www.webring.org/cgi-bin/webring?ring=riscosring;random	200	Redirect
https://arcturus.geoffandcarole.co.uk/	http://www.onlinesand.co.uk/	200	Redirect
https://arcturus.geoffandcarole.co.uk/	http://www.webring.org/cgi-bin/webring?ring=Cursillo;id=10;sprev	200	Redirect
https://arcturus.geoffandcarole.co.uk/	http://www.webring.org/cgi-bin/webring?ring=riscosring;id=28;prev	200	Redirect
https://arcturus.geoffandcarole.co.uk/	http://www.onlineslate.co.uk/	200	Redirect
https://arcturus.geoffandcarole.co.uk/	http://www.webring.org/cgi-bin/webring?ring=Cursillo;id=10;skip	200	Redirect
https://arcturus.geoffandcarole.co.uk/	http://www.google.co.uk/custom	200	Redirect
https://arcturus.geoffandcarole.co.uk/	http://n.webring.com/hub?ring=cursillo	200	Redirect
https://arcturus.geoffandcarole.co.uk/	http://www.onlinesoil.co.uk/	200	Redirect
https://arcturus.geoffandcarole.co.uk/	http://www.daz3d.com/index.php?refid=955694736&b=10	200	Redirect
https://arcturus.geoffandcarole.co.uk/	http://www.playareabark.co.uk/	200	Redirect
https://arcturus.geoffandcarole.co.uk/	https://arcturus.geoffandcarole.co.uk/cursillo	200	Redirect
https://arcturus.geoffandcarole.co.uk/	http://www.sendit.com/	200	Redirect
https://arcturus.geoffandcarole.co.uk/	http://www.webring.org/cgi-bin/webring?ring=Cursillo;id=10;prev	200	Redirect
https://arcturus.geoffandcarole.co.uk/	http://www.webring.org/cgi-bin/webring?ring=Cursillo;id=10;random	200	Redirect
https://arcturus.geoffandcarole.co.uk/	http://www.onlineseeds.co.uk/	200	Redirect
https://arcturus.geoffandcarole.co.uk/	http://www.webring.org/cgi-bin/webring?ring=Cursillo;id=10;prev5	200	Redirect
https://arcturus.geoffandcarole.co.uk/	http://www.onlinebark.co.uk/	200	Redirect
https://arcturus.geoffandcarole.co.uk/	http://www.onlineturf.co.uk/	200	Redirect
https://arcturus.geoffandcarole.co.uk/	http://www.outdooridiots.com/	200	Redirect
https://arcturus.geoffandcarole.co.uk/	http://www.geocities.com/anutylou/index.html	200	Redirect
https://arcturus.geoffandcarole.co.uk/	http://www.daz3d.com/index.php?refid=955694736&b=12	200	Redirect
https://arcturus.geoffandcarole.co.uk/	http://www.webring.org/cgi-bin/webring?ring=riscosring;id=28;next	200	Redirect
https://arcturus.geoffandcarole.co.uk/	http://www.webring.org/cgi-bin/webring?ring=riscosring;list	200	Redirect
https://arcturus.geoffandcarole.co.uk/	http://www.webring.org/cgi-bin/webring?ring=riscosring	200	Redirect
https://arcturus.geoffandcarole.co.uk/	http://www.daz3d.com/program/studio/1_0index.php?refid=955694736	200	Redirect
https://arcturus.geoffandcarole.co.uk/	http://www.webring.org/cgi-bin/webring?ring=Cursillo;id=10;next	200	Redirect
https://arcturus.geoffandcarole.co.uk/	http://www.webring.org/cgi-bin/webring?ring=Cursillo;id=10;next5	200	Redirect
https://arcturus.geoffandcarole.co.uk/	http://www.elcometer.com/	200	Redirect
https://arcturus.geoffandcarole.co.uk/	http://www.stmaryslymm.org/	200	Redirect
https://arcturus.geoffandcarole.co.uk/	http://www.webring.org/cgi-bin/webring?ring=Cursillo;id=10;list	200	Redirect
