https://arcturus.geoffandcarole.co.uk/	http://www.sendit.com/scp/id/arcturus/zone/buffy	404	Rejected status code (this depends on your "accept" configuration)
https://arcturus.geoffandcarole.co.uk/	http://www-cache.daz3d.com/bannerimages/DAZBanr3.jpg	null	Network error: Connection failed. Check network connectivity and firewall settings (error sending request for url (http://www-cache.daz3d.com/bannerimages/DAZBanr3.jpg))
https://arcturus.geoffandcarole.co.uk/	http://www.pendulumclocks.co.uk/	null	Network error: Connection failed. Check network connectivity and firewall settings (error sending request for url (http://www.pendulumclocks.co.uk/))
https://arcturus.geoffandcarole.co.uk/	http://www-cache.daz3d.com/bannerimages/DAZcurrent_468x60.jpg	null	Network error: Connection failed. Check network connectivity and firewall settings (error sending request for url (http://www-cache.daz3d.com/bannerimages/DAZcurrent_468x60.jpg))
https://arcturus.geoffandcarole.co.uk/	http://www.sendit.com/img/ldimg/scp/boxes_mar04/go.gif	404	Rejected status code (this depends on your "accept" configuration)
https://arcturus.geoffandcarole.co.uk/	http://www.homepages.demon.co.uk/icons/stanford/line.rainbow.gif	null	Network error: Connection failed. Check network connectivity and firewall settings (error sending request for url (http://www.homepages.demon.co.uk/icons/stanford/line.rainbow.gif))
https://arcturus.geoffandcarole.co.uk/	http://www.sadgeezer.com/html/modules.php?op=modload&name=Sections&file=index&req=listarticles&secid=4	404	Rejected status code (this depends on your "accept" configuration)
https://arcturus.geoffandcarole.co.uk/	http://www.outdooridiots.com/features/20060201/articles/a20060201_tarps.asp	404	Rejected status code (this depends on your "accept" configuration)
https://arcturus.geoffandcarole.co.uk/	http://www.steveandsteff.com/	null	Network error: Connection failed. Check network connectivity and firewall settings (error sending request for url (http://www.steveandsteff.com/))
https://arcturus.geoffandcarole.co.uk/	http://www-cache.daz3d.com/bannerimages/start_here_120x90.jpg	null	Network error: Connection failed. Check network connectivity and firewall settings (error sending request for url (http://www-cache.daz3d.com/bannerimages/start_here_120x90.jpg))
https://arcturus.geoffandcarole.co.uk/	http://www.sendit.com/img/ldimg/scp/boxes_mar04/logo_152x40.gif	404	Rejected status code (this depends on your "accept" configuration)
https://arcturus.geoffandcarole.co.uk/	http://www.qtsmcr.freeserve.co.uk/	null	Network error: Connection failed. Check network connectivity and firewall settings (error sending request for url (http://www.qtsmcr.freeserve.co.uk/))
https://arcturus.geoffandcarole.co.uk/	http://www.sendit.com/scp/id/arcturus	404	Rejected status code (this depends on your "accept" configuration)
https://arcturus.geoffandcarole.co.uk/	http://www.sendit.com/scp/id/arcturus/zone/farscape	404	Rejected status code (this depends on your "accept" configuration)
https://arcturus.geoffandcarole.co.uk/	http://www.redcentreassociates.com/	null	Network error: Connection failed. Check network connectivity and firewall settings (error sending request for url (http://www.redcentreassociates.com/))
https://arcturus.geoffandcarole.co.uk/	http://www.sendit.com/circle/search	404	Rejected status code (this depends on your "accept" configuration)
https://arcturus.geoffandcarole.co.uk/	http://www.outdooridiots.com/features/20060201/photographs/p20060201_climbingisdangerous.asp	404	Rejected status code (this depends on your "accept" configuration)
https://arcturus.geoffandcarole.co.uk/	http://www.stmaryslymm.chestercursillo.org/	null	Network error: Connection closed before response completed (error sending request for url (http://www.stmaryslymm.chestercursillo.org/))
https://arcturus.geoffandcarole.co.uk/	http://uk.nedstat.net/	null	Timeout
https://arcturus.geoffandcarole.co.uk/	http://www.daz3d.com/redirects/daz_current.php?refid=955694736&b=20	404	Rejected status code (this depends on your "accept" configuration)
https://arcturus.geoffandcarole.co.uk/	http://www.e-frontier.com/article/articleview/1597/1/281	404	Rejected status code (this depends on your "accept" configuration)
https://arcturus.geoffandcarole.co.uk/	http://www.northwesthipsltd.com/	null	Network error: Connection failed. Check network connectivity and firewall settings (error sending request for url (http://www.northwesthipsltd.com/))
https://arcturus.geoffandcarole.co.uk/	http://www.lexxfanclub.org/	403	Rejected status code (this depends on your "accept" configuration)
https://arcturus.geoffandcarole.co.uk/	http://www.onlinelogs.co.uk/	null	Timeout
https://arcturus.geoffandcarole.co.uk/	http://www.theshrubshop.co.uk/	null	Network error: Connection closed before response completed (error sending request for url (http://www.theshrubshop.co.uk/))
https://arcturus.geoffandcarole.co.uk/	http://games.world.co.uk/	null	Timeout
